episode,reward,avg_reward,epsilon,duration
1,-438.21600496560336,-438.21600496560336,0.995,0.247718334197998
2,-357.72833829164506,-397.9721716286242,0.990025,0.3139660358428955
3,-290.23994902461766,-362.061430760622,0.985074875,0.4822962284088135
